{
  "stage2_avg": {
    "valid_rate": 0.5625125,
    "unique_rate": 0.6979375,
    "novel_rate": 0.5208375
  },
  "stage3_avg": {
    "p_pred": 0.7166666666666667,
    "p_gen": 0.5555666666666667,
    "parse_fail_rate": 0.1667,
    "judge_fail_rate": 0.06666666666666667
  },
  "stage4": {
    "total_samples": "12",
    "valid_count": "9",
    "valid_rate": 0.75,
    "unique_valid_count": "8",
    "unique_rate": 0.8889,
    "novel_unique_count": "3",
    "novel_rate": 0.375,
    "CM": 0.5416,
    "C": 0.5556,
    "rectified_C": 0.4167
  },
  "stage2_tasks": 8,
  "stage3_tasks": 3
}